URL,Likes,Downloads,Keyword,Title
calendar-icon-black_318-9776.jpg,123,36648,Calendar,Calendar icon in black
link-informatic_318-10808.jpg,26,5114,Document,Link informatic
wifi_318-1573.jpg,65,23851,Computer,Wifi
info-logo-circle_318-947.jpg,39,10798,Logo,Info logo in a circle
wordpress-logo_318-9519.jpg,11,659,Logo,Wordpress logo
apple-iphone_318-9216.jpg,77,16054,Phone,Apple iphone
bat-ball-ping-pong_318-9928.jpg,16,5738,Sport,Bat and ball ping pong
share-connection_318-10810.jpg,24,4777,Internet,Share connection
world-wide-web_318-9868.jpg,92,20597,World,World wide web
right-hand_318-10073.jpg,45,18781,Hand,Right hand
information_318-10929.jpg,3,2458,Circle,Information
heart-outline_318-11009.jpg,16,965,Heart,Heart outline
shopping-cart-1_318-10653.jpg,67,14118,Car,Shopping cart 1
facebook-logo-with-rounded-corners_318-9850.jpg,138,90513,Logo,Facebook logo with rounded corners
present-box-with-big-bow_318-9536.jpg,54,14835,Gift,Present box with big bow
information-logotype-circle_318-9441.jpg,15,2961,Logo,Information logotype in a circle
arrow-representing-download_318-481.jpg,3,1198,Arrow,Arrow representing a download
two-hearts_318-10107.jpg,12,971,Heart,Two hearts
first-aid-kit_318-453.jpg,14,1601,Medical,First aid-kit
accepted_318-11000.jpg,27,8575,Line,Accepted
left-right-shoe-footprints_318-10072.jpg,40,31416,Shoe,Left and right shoe footprints
sea_318-10915.jpg,22,5824,Water,Sea
small-briefcase_318-10916.jpg,11,1282,Portfolio,Small briefcase
dwelling-house_318-1861.jpg,102,30396,House,Dwelling house
two-arrows-representing-transfer_318-9794.jpg,4,2525,Arrow,Two arrows representing transfer
hot-soup-pot_318-9436.jpg,74,15826,Food,Hot soup in a pot
recurring-appointment_318-1507.jpg,1,1433,Error,Recurring appointment
waves_318-10511.jpg,13,3426,Light,Waves
running-man_318-1564.jpg,59,18367,Man,Running man
star-with-five-rounded-points_318-504.jpg,39,13641,Star,Star with five rounded points
shopping-bag_318-10005.jpg,27,3778,Fashion,Shopping bag
order-pucharse_318-9999.jpg,25,5896,Order,Order to pucharse
excel-program_318-10042.jpg,22,10365,Technology,Excel program
external-link_318-10070.jpg,2,3750,Technology,External link
hourglass-vintage-clock_318-9466.jpg,1,1585,Vintage,Hourglass. vintage clock
steering-wheel_318-1804.jpg,33,19629,Car,Steering wheel
timetable_318-1848.jpg,28,7195,Calendar,Timetable
view-details_318-1493.jpg,7,2427,View,View details
edit-list_318-9980.jpg,24,3919,Computer,Edit list
signal-internet_318-10934.jpg,12,4712,Circle,Signal internet
adjustable-spanner_318-538.jpg,53,28719,Monkey,Adjustable spanner
approve-symbol_318-10326.jpg,20,9501,Symbol,Approve symbol
phone-sms-message_318-9114.jpg,56,33312,Phone,Phone sms message
scales-representing-justice_318-10076.jpg,119,75573,Justice,Scales representing justice
mouse-computer-with-electric-cable_318-9482.jpg,13,6909,Technology,Mouse computer with electric cable
input-checked_318-10622.jpg,4,1938,Checked,Input checked
pin-geolocalization_318-9542.jpg,41,8934,Social,Pin for geolocalization
signature-with-quill_318-9856.jpg,27,4237,Sign,Signature with a quill
auricular-phone_318-1028.jpg,60,16465,Technology,Auricular phone
google-translate_318-1713.jpg,12,6212,Language,Google translate
